net	full_name	layer	shape_use	bbox
VDD	PATH_23_52	M7	stripe	{13.0000 847.5000} {858.2880 848.5000}
VDD	PATH_23_50	M7	stripe	{13.0000 807.5000} {858.2880 808.5000}
VDD	PATH_23_48	M7	stripe	{13.0000 767.5000} {858.2880 768.5000}
VDD	PATH_23_46	M7	stripe	{13.0000 727.5000} {858.2880 728.5000}
VDD	PATH_23_44	M7	stripe	{13.0000 687.5000} {858.2880 688.5000}
VDD	PATH_23_42	M7	stripe	{13.0000 647.5000} {858.2880 648.5000}
VDD	PATH_23_40	M7	stripe	{13.0000 607.5000} {858.2880 608.5000}
VDD	PATH_23_38	M7	stripe	{13.0000 567.5000} {858.2880 568.5000}
VDD	PATH_23_36	M7	stripe	{13.0000 527.5000} {858.2880 528.5000}
VDD	PATH_23_34	M7	stripe	{13.0000 487.5000} {858.2880 488.5000}
VDD	PATH_23_32	M7	stripe	{13.0000 447.5000} {858.2880 448.5000}
VDD	PATH_23_30	M7	stripe	{13.0000 407.5000} {858.2880 408.5000}
VDD	PATH_23_28	M7	stripe	{13.0000 367.5000} {858.2880 368.5000}
VDD	PATH_23_26	M7	stripe	{13.0000 327.5000} {858.2880 328.5000}
VDD	PATH_23_24	M7	stripe	{13.0000 287.5000} {858.2880 288.5000}
VDD	PATH_23_22	M7	stripe	{13.0000 247.5000} {858.2880 248.5000}
VDD	PATH_23_20	M7	stripe	{13.0000 207.5000} {858.2880 208.5000}
VDD	PATH_23_18	M7	stripe	{13.0000 167.5000} {858.2880 168.5000}
VDD	PATH_23_16	M7	stripe	{13.0000 127.5000} {858.2880 128.5000}
VDD	PATH_23_14	M7	stripe	{13.0000 87.5000} {858.2880 88.5000}
VDD	PATH_23_12	M7	stripe	{13.0000 47.5000} {858.2880 48.5000}
VDD	PATH_13_105	M2	stripe	{839.8000 13.0000} {840.2000 857.9840}
VDD	PATH_25_52	M8	stripe	{839.5000 13.0000} {840.5000 857.9840}
VDD	PATH_13_103	M2	stripe	{799.8000 13.0000} {800.2000 857.9840}
VDD	PATH_25_50	M8	stripe	{799.5000 13.0000} {800.5000 857.9840}
VDD	PATH_13_101	M2	stripe	{759.8000 13.0000} {760.2000 857.9840}
VDD	PATH_25_48	M8	stripe	{759.5000 13.0000} {760.5000 857.9840}
VDD	PATH_13_99	M2	stripe	{719.8000 13.0000} {720.2000 857.9840}
VDD	PATH_25_46	M8	stripe	{719.5000 13.0000} {720.5000 857.9840}
VDD	PATH_13_97	M2	stripe	{679.8000 13.0000} {680.2000 857.9840}
VDD	PATH_25_44	M8	stripe	{679.5000 13.0000} {680.5000 857.9840}
VDD	PATH_13_95	M2	stripe	{639.8000 13.0000} {640.2000 857.9840}
VDD	PATH_25_42	M8	stripe	{639.5000 13.0000} {640.5000 857.9840}
VDD	PATH_13_93	M2	stripe	{599.8000 13.0000} {600.2000 857.9840}
VDD	PATH_25_40	M8	stripe	{599.5000 13.0000} {600.5000 857.9840}
VDD	PATH_13_91	M2	stripe	{559.8000 13.0000} {560.2000 857.9840}
VDD	PATH_25_38	M8	stripe	{559.5000 13.0000} {560.5000 857.9840}
VDD	PATH_13_89	M2	stripe	{519.8000 13.0000} {520.2000 857.9840}
VDD	PATH_25_36	M8	stripe	{519.5000 13.0000} {520.5000 857.9840}
VDD	PATH_13_87	M2	stripe	{479.8000 13.0000} {480.2000 857.9840}
VDD	PATH_25_34	M8	stripe	{479.5000 13.0000} {480.5000 857.9840}
VDD	PATH_13_85	M2	stripe	{439.8000 13.0000} {440.2000 857.9840}
VDD	PATH_25_32	M8	stripe	{439.5000 13.0000} {440.5000 857.9840}
VDD	PATH_13_83	M2	stripe	{399.8000 13.0000} {400.2000 857.9840}
VDD	PATH_25_30	M8	stripe	{399.5000 13.0000} {400.5000 857.9840}
VDD	PATH_13_81	M2	stripe	{359.8000 13.0000} {360.2000 857.9840}
VDD	PATH_25_28	M8	stripe	{359.5000 13.0000} {360.5000 857.9840}
VDD	PATH_13_79	M2	stripe	{319.8000 13.0000} {320.2000 857.9840}
VDD	PATH_25_26	M8	stripe	{319.5000 13.0000} {320.5000 857.9840}
VDD	PATH_13_77	M2	stripe	{279.8000 13.0000} {280.2000 857.9840}
VDD	PATH_25_24	M8	stripe	{279.5000 13.0000} {280.5000 857.9840}
VDD	PATH_13_75	M2	stripe	{239.8000 13.0000} {240.2000 857.9840}
VDD	PATH_25_22	M8	stripe	{239.5000 13.0000} {240.5000 857.9840}
VDD	PATH_13_73	M2	stripe	{199.8000 13.0000} {200.2000 857.9840}
VDD	PATH_25_20	M8	stripe	{199.5000 13.0000} {200.5000 857.9840}
VDD	PATH_13_71	M2	stripe	{159.8000 13.0000} {160.2000 857.9840}
VDD	PATH_25_18	M8	stripe	{159.5000 13.0000} {160.5000 857.9840}
VDD	PATH_13_69	M2	stripe	{119.8000 13.0000} {120.2000 857.9840}
VDD	PATH_25_16	M8	stripe	{119.5000 13.0000} {120.5000 857.9840}
VDD	PATH_13_67	M2	stripe	{79.8000 13.0000} {80.2000 857.9840}
VDD	PATH_25_14	M8	stripe	{79.5000 13.0000} {80.5000 857.9840}
VDD	PATH_13_65	M2	stripe	{39.8000 13.0000} {40.2000 857.9840}
VDD	PATH_25_12	M8	stripe	{39.5000 13.0000} {40.5000 857.9840}
VDD	PATH_23_9	M7	ring	{0.0000 13.0000} {871.2880 15.0000}
VDD	PATH_25_9	M8	ring	{856.2880 0.0000} {858.2880 870.9840}
VDD	PATH_23_8	M7	ring	{0.0000 855.9840} {871.2880 857.9840}
VDD	PATH_25_8	M8	ring	{13.0000 0.0000} {15.0000 870.9840}
VDD	PATH_11_496	M1	lib_cell_pin_connect	{20.0000 849.2820} {851.2880 849.3420}
VDD	PATH_11_494	M1	lib_cell_pin_connect	{20.0000 845.9380} {851.2880 845.9980}
VDD	PATH_11_492	M1	lib_cell_pin_connect	{20.0000 842.5940} {851.2880 842.6540}
VDD	PATH_11_490	M1	lib_cell_pin_connect	{20.0000 839.2500} {851.2880 839.3100}
VDD	PATH_11_488	M1	lib_cell_pin_connect	{20.0000 835.9060} {851.2880 835.9660}
VDD	PATH_11_486	M1	lib_cell_pin_connect	{20.0000 832.5620} {851.2880 832.6220}
VDD	PATH_11_484	M1	lib_cell_pin_connect	{20.0000 829.2180} {851.2880 829.2780}
VDD	PATH_11_482	M1	lib_cell_pin_connect	{20.0000 825.8740} {851.2880 825.9340}
VDD	PATH_11_480	M1	lib_cell_pin_connect	{20.0000 822.5300} {851.2880 822.5900}
VDD	PATH_11_478	M1	lib_cell_pin_connect	{20.0000 819.1860} {851.2880 819.2460}
VDD	PATH_11_476	M1	lib_cell_pin_connect	{20.0000 815.8420} {851.2880 815.9020}
VDD	PATH_11_474	M1	lib_cell_pin_connect	{20.0000 812.4980} {851.2880 812.5580}
VDD	PATH_11_472	M1	lib_cell_pin_connect	{20.0000 809.1540} {851.2880 809.2140}
VDD	PATH_11_470	M1	lib_cell_pin_connect	{20.0000 805.8100} {851.2880 805.8700}
VDD	PATH_11_468	M1	lib_cell_pin_connect	{20.0000 802.4660} {851.2880 802.5260}
VDD	PATH_11_466	M1	lib_cell_pin_connect	{20.0000 799.1220} {851.2880 799.1820}
VDD	PATH_11_464	M1	lib_cell_pin_connect	{20.0000 795.7780} {851.2880 795.8380}
VDD	PATH_11_462	M1	lib_cell_pin_connect	{20.0000 792.4340} {851.2880 792.4940}
VDD	PATH_11_460	M1	lib_cell_pin_connect	{20.0000 789.0900} {851.2880 789.1500}
VDD	PATH_11_458	M1	lib_cell_pin_connect	{20.0000 785.7460} {851.2880 785.8060}
VDD	PATH_11_456	M1	lib_cell_pin_connect	{20.0000 782.4020} {851.2880 782.4620}
VDD	PATH_11_454	M1	lib_cell_pin_connect	{20.0000 779.0580} {851.2880 779.1180}
VDD	PATH_11_452	M1	lib_cell_pin_connect	{20.0000 775.7140} {851.2880 775.7740}
VDD	PATH_11_450	M1	lib_cell_pin_connect	{20.0000 772.3700} {851.2880 772.4300}
VDD	PATH_11_448	M1	lib_cell_pin_connect	{20.0000 769.0260} {851.2880 769.0860}
VDD	PATH_11_446	M1	lib_cell_pin_connect	{20.0000 765.6820} {851.2880 765.7420}
VDD	PATH_11_444	M1	lib_cell_pin_connect	{20.0000 762.3380} {851.2880 762.3980}
VDD	PATH_11_442	M1	lib_cell_pin_connect	{20.0000 758.9940} {851.2880 759.0540}
VDD	PATH_11_440	M1	lib_cell_pin_connect	{20.0000 755.6500} {851.2880 755.7100}
VDD	PATH_11_438	M1	lib_cell_pin_connect	{20.0000 752.3060} {851.2880 752.3660}
VDD	PATH_11_436	M1	lib_cell_pin_connect	{20.0000 748.9620} {851.2880 749.0220}
VDD	PATH_11_434	M1	lib_cell_pin_connect	{20.0000 745.6180} {851.2880 745.6780}
VDD	PATH_11_432	M1	lib_cell_pin_connect	{20.0000 742.2740} {851.2880 742.3340}
VDD	PATH_11_430	M1	lib_cell_pin_connect	{20.0000 738.9300} {851.2880 738.9900}
VDD	PATH_11_428	M1	lib_cell_pin_connect	{20.0000 735.5860} {851.2880 735.6460}
VDD	PATH_11_426	M1	lib_cell_pin_connect	{20.0000 732.2420} {851.2880 732.3020}
VDD	PATH_11_424	M1	lib_cell_pin_connect	{20.0000 728.8980} {851.2880 728.9580}
VDD	PATH_11_422	M1	lib_cell_pin_connect	{20.0000 725.5540} {851.2880 725.6140}
VDD	PATH_11_420	M1	lib_cell_pin_connect	{20.0000 722.2100} {851.2880 722.2700}
VDD	PATH_11_418	M1	lib_cell_pin_connect	{20.0000 718.8660} {851.2880 718.9260}
VDD	PATH_11_416	M1	lib_cell_pin_connect	{20.0000 715.5220} {851.2880 715.5820}
VDD	PATH_11_414	M1	lib_cell_pin_connect	{20.0000 712.1780} {851.2880 712.2380}
VDD	PATH_11_412	M1	lib_cell_pin_connect	{20.0000 708.8340} {851.2880 708.8940}
VDD	PATH_11_410	M1	lib_cell_pin_connect	{20.0000 705.4900} {851.2880 705.5500}
VDD	PATH_11_408	M1	lib_cell_pin_connect	{20.0000 702.1460} {851.2880 702.2060}
VDD	PATH_11_406	M1	lib_cell_pin_connect	{20.0000 698.8020} {851.2880 698.8620}
VDD	PATH_11_404	M1	lib_cell_pin_connect	{20.0000 695.4580} {851.2880 695.5180}
VDD	PATH_11_402	M1	lib_cell_pin_connect	{20.0000 692.1140} {851.2880 692.1740}
VDD	PATH_11_400	M1	lib_cell_pin_connect	{20.0000 688.7700} {851.2880 688.8300}
VDD	PATH_11_398	M1	lib_cell_pin_connect	{20.0000 685.4260} {851.2880 685.4860}
VDD	PATH_11_396	M1	lib_cell_pin_connect	{20.0000 682.0820} {851.2880 682.1420}
VDD	PATH_11_394	M1	lib_cell_pin_connect	{20.0000 678.7380} {851.2880 678.7980}
VDD	PATH_11_392	M1	lib_cell_pin_connect	{20.0000 675.3940} {851.2880 675.4540}
VDD	PATH_11_390	M1	lib_cell_pin_connect	{20.0000 672.0500} {851.2880 672.1100}
VDD	PATH_11_388	M1	lib_cell_pin_connect	{20.0000 668.7060} {851.2880 668.7660}
VDD	PATH_11_386	M1	lib_cell_pin_connect	{20.0000 665.3620} {851.2880 665.4220}
VDD	PATH_11_384	M1	lib_cell_pin_connect	{20.0000 662.0180} {851.2880 662.0780}
VDD	PATH_11_382	M1	lib_cell_pin_connect	{20.0000 658.6740} {851.2880 658.7340}
VDD	PATH_11_380	M1	lib_cell_pin_connect	{20.0000 655.3300} {851.2880 655.3900}
VDD	PATH_11_378	M1	lib_cell_pin_connect	{20.0000 651.9860} {851.2880 652.0460}
VDD	PATH_11_376	M1	lib_cell_pin_connect	{20.0000 648.6420} {851.2880 648.7020}
VDD	PATH_11_374	M1	lib_cell_pin_connect	{20.0000 645.2980} {851.2880 645.3580}
VDD	PATH_11_372	M1	lib_cell_pin_connect	{20.0000 641.9540} {851.2880 642.0140}
VDD	PATH_11_370	M1	lib_cell_pin_connect	{20.0000 638.6100} {851.2880 638.6700}
VDD	PATH_11_368	M1	lib_cell_pin_connect	{20.0000 635.2660} {851.2880 635.3260}
VDD	PATH_11_366	M1	lib_cell_pin_connect	{20.0000 631.9220} {851.2880 631.9820}
VDD	PATH_11_364	M1	lib_cell_pin_connect	{20.0000 628.5780} {851.2880 628.6380}
VDD	PATH_11_362	M1	lib_cell_pin_connect	{20.0000 625.2340} {851.2880 625.2940}
VDD	PATH_11_360	M1	lib_cell_pin_connect	{20.0000 621.8900} {851.2880 621.9500}
VDD	PATH_11_358	M1	lib_cell_pin_connect	{20.0000 618.5460} {851.2880 618.6060}
VDD	PATH_11_356	M1	lib_cell_pin_connect	{20.0000 615.2020} {851.2880 615.2620}
VDD	PATH_11_354	M1	lib_cell_pin_connect	{20.0000 611.8580} {851.2880 611.9180}
VDD	PATH_11_352	M1	lib_cell_pin_connect	{20.0000 608.5140} {851.2880 608.5740}
VDD	PATH_11_350	M1	lib_cell_pin_connect	{20.0000 605.1700} {851.2880 605.2300}
VDD	PATH_11_348	M1	lib_cell_pin_connect	{20.0000 601.8260} {851.2880 601.8860}
VDD	PATH_11_346	M1	lib_cell_pin_connect	{20.0000 598.4820} {851.2880 598.5420}
VDD	PATH_11_344	M1	lib_cell_pin_connect	{20.0000 595.1380} {851.2880 595.1980}
VDD	PATH_11_342	M1	lib_cell_pin_connect	{20.0000 591.7940} {851.2880 591.8540}
VDD	PATH_11_340	M1	lib_cell_pin_connect	{20.0000 588.4500} {851.2880 588.5100}
VDD	PATH_11_338	M1	lib_cell_pin_connect	{20.0000 585.1060} {851.2880 585.1660}
VDD	PATH_11_336	M1	lib_cell_pin_connect	{20.0000 581.7620} {851.2880 581.8220}
VDD	PATH_11_334	M1	lib_cell_pin_connect	{20.0000 578.4180} {851.2880 578.4780}
VDD	PATH_11_332	M1	lib_cell_pin_connect	{20.0000 575.0740} {851.2880 575.1340}
VDD	PATH_11_330	M1	lib_cell_pin_connect	{20.0000 571.7300} {851.2880 571.7900}
VDD	PATH_11_328	M1	lib_cell_pin_connect	{20.0000 568.3860} {851.2880 568.4460}
VDD	PATH_11_326	M1	lib_cell_pin_connect	{20.0000 565.0420} {851.2880 565.1020}
VDD	PATH_11_324	M1	lib_cell_pin_connect	{20.0000 561.6980} {851.2880 561.7580}
VDD	PATH_11_322	M1	lib_cell_pin_connect	{20.0000 558.3540} {851.2880 558.4140}
VDD	PATH_11_320	M1	lib_cell_pin_connect	{20.0000 555.0100} {851.2880 555.0700}
VDD	PATH_11_318	M1	lib_cell_pin_connect	{20.0000 551.6660} {851.2880 551.7260}
VDD	PATH_11_316	M1	lib_cell_pin_connect	{20.0000 548.3220} {851.2880 548.3820}
VDD	PATH_11_314	M1	lib_cell_pin_connect	{20.0000 544.9780} {851.2880 545.0380}
VDD	PATH_11_312	M1	lib_cell_pin_connect	{20.0000 541.6340} {851.2880 541.6940}
VDD	PATH_11_310	M1	lib_cell_pin_connect	{20.0000 538.2900} {851.2880 538.3500}
VDD	PATH_11_308	M1	lib_cell_pin_connect	{20.0000 534.9460} {851.2880 535.0060}
VDD	PATH_11_306	M1	lib_cell_pin_connect	{20.0000 531.6020} {851.2880 531.6620}
VDD	PATH_11_304	M1	lib_cell_pin_connect	{20.0000 528.2580} {851.2880 528.3180}
VDD	PATH_11_302	M1	lib_cell_pin_connect	{20.0000 524.9140} {851.2880 524.9740}
VDD	PATH_11_300	M1	lib_cell_pin_connect	{20.0000 521.5700} {851.2880 521.6300}
VDD	PATH_11_298	M1	lib_cell_pin_connect	{20.0000 518.2260} {851.2880 518.2860}
VDD	PATH_11_296	M1	lib_cell_pin_connect	{20.0000 514.8820} {851.2880 514.9420}
VDD	PATH_11_294	M1	lib_cell_pin_connect	{20.0000 511.5380} {851.2880 511.5980}
VDD	PATH_11_292	M1	lib_cell_pin_connect	{20.0000 508.1940} {851.2880 508.2540}
VDD	PATH_11_290	M1	lib_cell_pin_connect	{20.0000 504.8500} {851.2880 504.9100}
VDD	PATH_11_288	M1	lib_cell_pin_connect	{20.0000 501.5060} {851.2880 501.5660}
VDD	PATH_11_286	M1	lib_cell_pin_connect	{20.0000 498.1620} {851.2880 498.2220}
VDD	PATH_11_284	M1	lib_cell_pin_connect	{20.0000 494.8180} {851.2880 494.8780}
VDD	PATH_11_282	M1	lib_cell_pin_connect	{20.0000 491.4740} {851.2880 491.5340}
VDD	PATH_11_280	M1	lib_cell_pin_connect	{20.0000 488.1300} {851.2880 488.1900}
VDD	PATH_11_278	M1	lib_cell_pin_connect	{20.0000 484.7860} {851.2880 484.8460}
VDD	PATH_11_276	M1	lib_cell_pin_connect	{20.0000 481.4420} {851.2880 481.5020}
VDD	PATH_11_274	M1	lib_cell_pin_connect	{20.0000 478.0980} {851.2880 478.1580}
VDD	PATH_11_272	M1	lib_cell_pin_connect	{20.0000 474.7540} {851.2880 474.8140}
VDD	PATH_11_270	M1	lib_cell_pin_connect	{20.0000 471.4100} {851.2880 471.4700}
VDD	PATH_11_268	M1	lib_cell_pin_connect	{20.0000 468.0660} {851.2880 468.1260}
VDD	PATH_11_266	M1	lib_cell_pin_connect	{20.0000 464.7220} {851.2880 464.7820}
VDD	PATH_11_264	M1	lib_cell_pin_connect	{20.0000 461.3780} {851.2880 461.4380}
VDD	PATH_11_262	M1	lib_cell_pin_connect	{20.0000 458.0340} {851.2880 458.0940}
VDD	PATH_11_260	M1	lib_cell_pin_connect	{20.0000 454.6900} {851.2880 454.7500}
VDD	PATH_11_258	M1	lib_cell_pin_connect	{20.0000 451.3460} {851.2880 451.4060}
VDD	PATH_11_256	M1	lib_cell_pin_connect	{20.0000 448.0020} {851.2880 448.0620}
VDD	PATH_11_254	M1	lib_cell_pin_connect	{20.0000 444.6580} {851.2880 444.7180}
VDD	PATH_11_252	M1	lib_cell_pin_connect	{20.0000 441.3140} {851.2880 441.3740}
VDD	PATH_11_250	M1	lib_cell_pin_connect	{20.0000 437.9700} {851.2880 438.0300}
VDD	PATH_11_248	M1	lib_cell_pin_connect	{20.0000 434.6260} {851.2880 434.6860}
VDD	PATH_11_246	M1	lib_cell_pin_connect	{20.0000 431.2820} {851.2880 431.3420}
VDD	PATH_11_244	M1	lib_cell_pin_connect	{20.0000 427.9380} {851.2880 427.9980}
VDD	PATH_11_242	M1	lib_cell_pin_connect	{20.0000 424.5940} {851.2880 424.6540}
VDD	PATH_11_240	M1	lib_cell_pin_connect	{20.0000 421.2500} {851.2880 421.3100}
VDD	PATH_11_238	M1	lib_cell_pin_connect	{20.0000 417.9060} {851.2880 417.9660}
VDD	PATH_11_236	M1	lib_cell_pin_connect	{20.0000 414.5620} {851.2880 414.6220}
VDD	PATH_11_234	M1	lib_cell_pin_connect	{20.0000 411.2180} {851.2880 411.2780}
VDD	PATH_11_232	M1	lib_cell_pin_connect	{20.0000 407.8740} {851.2880 407.9340}
VDD	PATH_11_230	M1	lib_cell_pin_connect	{20.0000 404.5300} {851.2880 404.5900}
VDD	PATH_11_228	M1	lib_cell_pin_connect	{20.0000 401.1860} {851.2880 401.2460}
VDD	PATH_11_226	M1	lib_cell_pin_connect	{20.0000 397.8420} {851.2880 397.9020}
VDD	PATH_11_224	M1	lib_cell_pin_connect	{20.0000 394.4980} {851.2880 394.5580}
VDD	PATH_11_222	M1	lib_cell_pin_connect	{20.0000 391.1540} {851.2880 391.2140}
VDD	PATH_11_220	M1	lib_cell_pin_connect	{20.0000 387.8100} {851.2880 387.8700}
VDD	PATH_11_218	M1	lib_cell_pin_connect	{20.0000 384.4660} {851.2880 384.5260}
VDD	PATH_11_216	M1	lib_cell_pin_connect	{20.0000 381.1220} {851.2880 381.1820}
VDD	PATH_11_214	M1	lib_cell_pin_connect	{20.0000 377.7780} {851.2880 377.8380}
VDD	PATH_11_212	M1	lib_cell_pin_connect	{20.0000 374.4340} {851.2880 374.4940}
VDD	PATH_11_210	M1	lib_cell_pin_connect	{20.0000 371.0900} {851.2880 371.1500}
VDD	PATH_11_208	M1	lib_cell_pin_connect	{20.0000 367.7460} {851.2880 367.8060}
VDD	PATH_11_206	M1	lib_cell_pin_connect	{20.0000 364.4020} {851.2880 364.4620}
VDD	PATH_11_204	M1	lib_cell_pin_connect	{20.0000 361.0580} {851.2880 361.1180}
VDD	PATH_11_202	M1	lib_cell_pin_connect	{20.0000 357.7140} {851.2880 357.7740}
VDD	PATH_11_200	M1	lib_cell_pin_connect	{20.0000 354.3700} {851.2880 354.4300}
VDD	PATH_11_198	M1	lib_cell_pin_connect	{20.0000 351.0260} {851.2880 351.0860}
VDD	PATH_11_196	M1	lib_cell_pin_connect	{20.0000 347.6820} {851.2880 347.7420}
VDD	PATH_11_194	M1	lib_cell_pin_connect	{20.0000 344.3380} {851.2880 344.3980}
VDD	PATH_11_192	M1	lib_cell_pin_connect	{20.0000 340.9940} {851.2880 341.0540}
VDD	PATH_11_190	M1	lib_cell_pin_connect	{20.0000 337.6500} {851.2880 337.7100}
VDD	PATH_11_188	M1	lib_cell_pin_connect	{20.0000 334.3060} {851.2880 334.3660}
VDD	PATH_11_186	M1	lib_cell_pin_connect	{20.0000 330.9620} {851.2880 331.0220}
VDD	PATH_11_184	M1	lib_cell_pin_connect	{20.0000 327.6180} {851.2880 327.6780}
VDD	PATH_11_182	M1	lib_cell_pin_connect	{20.0000 324.2740} {851.2880 324.3340}
VDD	PATH_11_180	M1	lib_cell_pin_connect	{20.0000 320.9300} {851.2880 320.9900}
VDD	PATH_11_178	M1	lib_cell_pin_connect	{20.0000 317.5860} {851.2880 317.6460}
VDD	PATH_11_176	M1	lib_cell_pin_connect	{20.0000 314.2420} {851.2880 314.3020}
VDD	PATH_11_174	M1	lib_cell_pin_connect	{20.0000 310.8980} {851.2880 310.9580}
VDD	PATH_11_172	M1	lib_cell_pin_connect	{20.0000 307.5540} {851.2880 307.6140}
VDD	PATH_11_170	M1	lib_cell_pin_connect	{20.0000 304.2100} {851.2880 304.2700}
VDD	PATH_11_168	M1	lib_cell_pin_connect	{20.0000 300.8660} {851.2880 300.9260}
VDD	PATH_11_166	M1	lib_cell_pin_connect	{20.0000 297.5220} {851.2880 297.5820}
VDD	PATH_11_164	M1	lib_cell_pin_connect	{20.0000 294.1780} {851.2880 294.2380}
VDD	PATH_11_162	M1	lib_cell_pin_connect	{20.0000 290.8340} {851.2880 290.8940}
VDD	PATH_11_160	M1	lib_cell_pin_connect	{20.0000 287.4900} {851.2880 287.5500}
VDD	PATH_11_158	M1	lib_cell_pin_connect	{20.0000 284.1460} {851.2880 284.2060}
VDD	PATH_11_156	M1	lib_cell_pin_connect	{20.0000 280.8020} {851.2880 280.8620}
VDD	PATH_11_154	M1	lib_cell_pin_connect	{20.0000 277.4580} {851.2880 277.5180}
VDD	PATH_11_152	M1	lib_cell_pin_connect	{20.0000 274.1140} {851.2880 274.1740}
VDD	PATH_11_150	M1	lib_cell_pin_connect	{20.0000 270.7700} {851.2880 270.8300}
VDD	PATH_11_148	M1	lib_cell_pin_connect	{20.0000 267.4260} {851.2880 267.4860}
VDD	PATH_11_146	M1	lib_cell_pin_connect	{20.0000 264.0820} {851.2880 264.1420}
VDD	PATH_11_144	M1	lib_cell_pin_connect	{20.0000 260.7380} {851.2880 260.7980}
VDD	PATH_11_142	M1	lib_cell_pin_connect	{20.0000 257.3940} {851.2880 257.4540}
VDD	PATH_11_140	M1	lib_cell_pin_connect	{20.0000 254.0500} {851.2880 254.1100}
VDD	PATH_11_138	M1	lib_cell_pin_connect	{20.0000 250.7060} {851.2880 250.7660}
VDD	PATH_11_136	M1	lib_cell_pin_connect	{20.0000 247.3620} {851.2880 247.4220}
VDD	PATH_11_134	M1	lib_cell_pin_connect	{20.0000 244.0180} {851.2880 244.0780}
VDD	PATH_11_132	M1	lib_cell_pin_connect	{20.0000 240.6740} {851.2880 240.7340}
VDD	PATH_11_130	M1	lib_cell_pin_connect	{20.0000 237.3300} {851.2880 237.3900}
VDD	PATH_11_128	M1	lib_cell_pin_connect	{20.0000 233.9860} {851.2880 234.0460}
VDD	PATH_11_126	M1	lib_cell_pin_connect	{20.0000 230.6420} {851.2880 230.7020}
VDD	PATH_11_124	M1	lib_cell_pin_connect	{20.0000 227.2980} {851.2880 227.3580}
VDD	PATH_11_122	M1	lib_cell_pin_connect	{20.0000 223.9540} {851.2880 224.0140}
VDD	PATH_11_120	M1	lib_cell_pin_connect	{20.0000 220.6100} {851.2880 220.6700}
VDD	PATH_11_118	M1	lib_cell_pin_connect	{20.0000 217.2660} {851.2880 217.3260}
VDD	PATH_11_116	M1	lib_cell_pin_connect	{20.0000 213.9220} {851.2880 213.9820}
VDD	PATH_11_114	M1	lib_cell_pin_connect	{20.0000 210.5780} {851.2880 210.6380}
VDD	PATH_11_112	M1	lib_cell_pin_connect	{20.0000 207.2340} {851.2880 207.2940}
VDD	PATH_11_110	M1	lib_cell_pin_connect	{20.0000 203.8900} {851.2880 203.9500}
VDD	PATH_11_108	M1	lib_cell_pin_connect	{20.0000 200.5460} {851.2880 200.6060}
VDD	PATH_11_106	M1	lib_cell_pin_connect	{20.0000 197.2020} {851.2880 197.2620}
VDD	PATH_11_104	M1	lib_cell_pin_connect	{20.0000 193.8580} {851.2880 193.9180}
VDD	PATH_11_102	M1	lib_cell_pin_connect	{20.0000 190.5140} {851.2880 190.5740}
VDD	PATH_11_100	M1	lib_cell_pin_connect	{20.0000 187.1700} {851.2880 187.2300}
VDD	PATH_11_98	M1	lib_cell_pin_connect	{20.0000 183.8260} {851.2880 183.8860}
VDD	PATH_11_96	M1	lib_cell_pin_connect	{20.0000 180.4820} {851.2880 180.5420}
VDD	PATH_11_94	M1	lib_cell_pin_connect	{20.0000 177.1380} {851.2880 177.1980}
VDD	PATH_11_92	M1	lib_cell_pin_connect	{20.0000 173.7940} {851.2880 173.8540}
VDD	PATH_11_90	M1	lib_cell_pin_connect	{20.0000 170.4500} {851.2880 170.5100}
VDD	PATH_11_88	M1	lib_cell_pin_connect	{20.0000 167.1060} {851.2880 167.1660}
VDD	PATH_11_86	M1	lib_cell_pin_connect	{20.0000 163.7620} {851.2880 163.8220}
VDD	PATH_11_84	M1	lib_cell_pin_connect	{20.0000 160.4180} {851.2880 160.4780}
VDD	PATH_11_82	M1	lib_cell_pin_connect	{20.0000 157.0740} {851.2880 157.1340}
VDD	PATH_11_80	M1	lib_cell_pin_connect	{20.0000 153.7300} {851.2880 153.7900}
VDD	PATH_11_78	M1	lib_cell_pin_connect	{20.0000 150.3860} {851.2880 150.4460}
VDD	PATH_11_76	M1	lib_cell_pin_connect	{20.0000 147.0420} {851.2880 147.1020}
VDD	PATH_11_74	M1	lib_cell_pin_connect	{20.0000 143.6980} {851.2880 143.7580}
VDD	PATH_11_72	M1	lib_cell_pin_connect	{20.0000 140.3540} {851.2880 140.4140}
VDD	PATH_11_70	M1	lib_cell_pin_connect	{20.0000 137.0100} {851.2880 137.0700}
VDD	PATH_11_68	M1	lib_cell_pin_connect	{20.0000 133.6660} {851.2880 133.7260}
VDD	PATH_11_66	M1	lib_cell_pin_connect	{20.0000 130.3220} {851.2880 130.3820}
VDD	PATH_11_64	M1	lib_cell_pin_connect	{20.0000 126.9780} {851.2880 127.0380}
VDD	PATH_11_62	M1	lib_cell_pin_connect	{20.0000 123.6340} {851.2880 123.6940}
VDD	PATH_11_60	M1	lib_cell_pin_connect	{20.0000 120.2900} {851.2880 120.3500}
VDD	PATH_11_58	M1	lib_cell_pin_connect	{20.0000 116.9460} {851.2880 117.0060}
VDD	PATH_11_56	M1	lib_cell_pin_connect	{20.0000 113.6020} {851.2880 113.6620}
VDD	PATH_11_54	M1	lib_cell_pin_connect	{20.0000 110.2580} {851.2880 110.3180}
VDD	PATH_11_52	M1	lib_cell_pin_connect	{20.0000 106.9140} {851.2880 106.9740}
VDD	PATH_11_50	M1	lib_cell_pin_connect	{20.0000 103.5700} {851.2880 103.6300}
VDD	PATH_11_48	M1	lib_cell_pin_connect	{20.0000 100.2260} {851.2880 100.2860}
VDD	PATH_11_46	M1	lib_cell_pin_connect	{20.0000 96.8820} {851.2880 96.9420}
VDD	PATH_11_44	M1	lib_cell_pin_connect	{20.0000 93.5380} {851.2880 93.5980}
VDD	PATH_11_42	M1	lib_cell_pin_connect	{20.0000 90.1940} {851.2880 90.2540}
VDD	PATH_11_40	M1	lib_cell_pin_connect	{20.0000 86.8500} {851.2880 86.9100}
VDD	PATH_11_38	M1	lib_cell_pin_connect	{20.0000 83.5060} {851.2880 83.5660}
VDD	PATH_11_36	M1	lib_cell_pin_connect	{20.0000 80.1620} {851.2880 80.2220}
VDD	PATH_11_34	M1	lib_cell_pin_connect	{20.0000 76.8180} {851.2880 76.8780}
VDD	PATH_11_32	M1	lib_cell_pin_connect	{20.0000 73.4740} {851.2880 73.5340}
VDD	PATH_11_30	M1	lib_cell_pin_connect	{20.0000 70.1300} {851.2880 70.1900}
VDD	PATH_11_28	M1	lib_cell_pin_connect	{20.0000 66.7860} {851.2880 66.8460}
VDD	PATH_11_26	M1	lib_cell_pin_connect	{20.0000 63.4420} {851.2880 63.5020}
VDD	PATH_11_24	M1	lib_cell_pin_connect	{20.0000 60.0980} {851.2880 60.1580}
VDD	PATH_11_22	M1	lib_cell_pin_connect	{20.0000 56.7540} {851.2880 56.8140}
VDD	PATH_11_20	M1	lib_cell_pin_connect	{20.0000 53.4100} {851.2880 53.4700}
VDD	PATH_11_18	M1	lib_cell_pin_connect	{20.0000 50.0660} {851.2880 50.1260}
VDD	PATH_11_16	M1	lib_cell_pin_connect	{20.0000 46.7220} {851.2880 46.7820}
VDD	PATH_11_14	M1	lib_cell_pin_connect	{20.0000 43.3780} {851.2880 43.4380}
VDD	PATH_11_12	M1	lib_cell_pin_connect	{20.0000 40.0340} {851.2880 40.0940}
VDD	PATH_11_10	M1	lib_cell_pin_connect	{20.0000 36.6900} {851.2880 36.7500}
VDD	PATH_11_8	M1	lib_cell_pin_connect	{20.0000 33.3460} {851.2880 33.4060}
VDD	PATH_11_6	M1	lib_cell_pin_connect	{20.0000 30.0020} {851.2880 30.0620}
VDD	PATH_11_4	M1	lib_cell_pin_connect	{20.0000 26.6580} {851.2880 26.7180}
VDD	PATH_11_2	M1	lib_cell_pin_connect	{20.0000 23.3140} {851.2880 23.3740}
VDD	PATH_11_0	M1	lib_cell_pin_connect	{20.0000 19.9700} {851.2880 20.0300}
VSS	PATH_23_51	M7	stripe	{10.0000 827.5000} {861.2880 828.5000}
VSS	PATH_23_49	M7	stripe	{10.0000 787.5000} {861.2880 788.5000}
VSS	PATH_23_47	M7	stripe	{10.0000 747.5000} {861.2880 748.5000}
VSS	PATH_23_45	M7	stripe	{10.0000 707.5000} {861.2880 708.5000}
VSS	PATH_23_43	M7	stripe	{10.0000 667.5000} {861.2880 668.5000}
VSS	PATH_23_41	M7	stripe	{10.0000 627.5000} {861.2880 628.5000}
VSS	PATH_23_39	M7	stripe	{10.0000 587.5000} {861.2880 588.5000}
VSS	PATH_23_37	M7	stripe	{10.0000 547.5000} {861.2880 548.5000}
VSS	PATH_23_35	M7	stripe	{10.0000 507.5000} {861.2880 508.5000}
VSS	PATH_23_33	M7	stripe	{10.0000 467.5000} {861.2880 468.5000}
VSS	PATH_23_31	M7	stripe	{10.0000 427.5000} {861.2880 428.5000}
VSS	PATH_23_29	M7	stripe	{10.0000 387.5000} {861.2880 388.5000}
VSS	PATH_23_27	M7	stripe	{10.0000 347.5000} {861.2880 348.5000}
VSS	PATH_23_25	M7	stripe	{10.0000 307.5000} {861.2880 308.5000}
VSS	PATH_23_23	M7	stripe	{10.0000 267.5000} {861.2880 268.5000}
VSS	PATH_23_21	M7	stripe	{10.0000 227.5000} {861.2880 228.5000}
VSS	PATH_23_19	M7	stripe	{10.0000 187.5000} {861.2880 188.5000}
VSS	PATH_23_17	M7	stripe	{10.0000 147.5000} {861.2880 148.5000}
VSS	PATH_23_15	M7	stripe	{10.0000 107.5000} {861.2880 108.5000}
VSS	PATH_23_13	M7	stripe	{10.0000 67.5000} {861.2880 68.5000}
VSS	PATH_13_104	M2	stripe	{819.8000 10.0000} {820.2000 860.9840}
VSS	PATH_25_51	M8	stripe	{819.5000 10.0000} {820.5000 860.9840}
VSS	PATH_13_102	M2	stripe	{779.8000 10.0000} {780.2000 860.9840}
VSS	PATH_25_49	M8	stripe	{779.5000 10.0000} {780.5000 860.9840}
VSS	PATH_13_100	M2	stripe	{739.8000 10.0000} {740.2000 860.9840}
VSS	PATH_25_47	M8	stripe	{739.5000 10.0000} {740.5000 860.9840}
VSS	PATH_13_98	M2	stripe	{699.8000 10.0000} {700.2000 860.9840}
VSS	PATH_25_45	M8	stripe	{699.5000 10.0000} {700.5000 860.9840}
VSS	PATH_13_96	M2	stripe	{659.8000 10.0000} {660.2000 860.9840}
VSS	PATH_25_43	M8	stripe	{659.5000 10.0000} {660.5000 860.9840}
VSS	PATH_13_94	M2	stripe	{619.8000 10.0000} {620.2000 860.9840}
VSS	PATH_25_41	M8	stripe	{619.5000 10.0000} {620.5000 860.9840}
VSS	PATH_13_92	M2	stripe	{579.8000 10.0000} {580.2000 860.9840}
VSS	PATH_25_39	M8	stripe	{579.5000 10.0000} {580.5000 860.9840}
VSS	PATH_13_90	M2	stripe	{539.8000 10.0000} {540.2000 860.9840}
VSS	PATH_25_37	M8	stripe	{539.5000 10.0000} {540.5000 860.9840}
VSS	PATH_13_88	M2	stripe	{499.8000 10.0000} {500.2000 860.9840}
VSS	PATH_25_35	M8	stripe	{499.5000 10.0000} {500.5000 860.9840}
VSS	PATH_13_86	M2	stripe	{459.8000 10.0000} {460.2000 860.9840}
VSS	PATH_25_33	M8	stripe	{459.5000 10.0000} {460.5000 860.9840}
VSS	PATH_13_84	M2	stripe	{419.8000 10.0000} {420.2000 860.9840}
VSS	PATH_25_31	M8	stripe	{419.5000 10.0000} {420.5000 860.9840}
VSS	PATH_13_82	M2	stripe	{379.8000 10.0000} {380.2000 860.9840}
VSS	PATH_25_29	M8	stripe	{379.5000 10.0000} {380.5000 860.9840}
VSS	PATH_13_80	M2	stripe	{339.8000 10.0000} {340.2000 860.9840}
VSS	PATH_25_27	M8	stripe	{339.5000 10.0000} {340.5000 860.9840}
VSS	PATH_13_78	M2	stripe	{299.8000 10.0000} {300.2000 860.9840}
VSS	PATH_25_25	M8	stripe	{299.5000 10.0000} {300.5000 860.9840}
VSS	PATH_13_76	M2	stripe	{259.8000 10.0000} {260.2000 860.9840}
VSS	PATH_25_23	M8	stripe	{259.5000 10.0000} {260.5000 860.9840}
VSS	PATH_13_74	M2	stripe	{219.8000 10.0000} {220.2000 860.9840}
VSS	PATH_25_21	M8	stripe	{219.5000 10.0000} {220.5000 860.9840}
VSS	PATH_13_72	M2	stripe	{179.8000 10.0000} {180.2000 860.9840}
VSS	PATH_25_19	M8	stripe	{179.5000 10.0000} {180.5000 860.9840}
VSS	PATH_13_70	M2	stripe	{139.8000 10.0000} {140.2000 860.9840}
VSS	PATH_25_17	M8	stripe	{139.5000 10.0000} {140.5000 860.9840}
VSS	PATH_13_68	M2	stripe	{99.8000 10.0000} {100.2000 860.9840}
VSS	PATH_25_15	M8	stripe	{99.5000 10.0000} {100.5000 860.9840}
VSS	PATH_13_66	M2	stripe	{59.8000 10.0000} {60.2000 860.9840}
VSS	PATH_25_13	M8	stripe	{59.5000 10.0000} {60.5000 860.9840}
VSS	PATH_23_11	M7	ring	{0.0000 10.0000} {871.2880 12.0000}
VSS	PATH_25_11	M8	ring	{859.2880 0.0000} {861.2880 870.9840}
VSS	PATH_23_10	M7	ring	{0.0000 858.9840} {871.2880 860.9840}
VSS	PATH_25_10	M8	ring	{10.0000 0.0000} {12.0000 870.9840}
VSS	PATH_11_497	M1	lib_cell_pin_connect	{20.0000 850.9540} {851.2880 851.0140}
VSS	PATH_11_495	M1	lib_cell_pin_connect	{20.0000 847.6100} {851.2880 847.6700}
VSS	PATH_11_493	M1	lib_cell_pin_connect	{20.0000 844.2660} {851.2880 844.3260}
VSS	PATH_11_491	M1	lib_cell_pin_connect	{20.0000 840.9220} {851.2880 840.9820}
VSS	PATH_11_489	M1	lib_cell_pin_connect	{20.0000 837.5780} {851.2880 837.6380}
VSS	PATH_11_487	M1	lib_cell_pin_connect	{20.0000 834.2340} {851.2880 834.2940}
VSS	PATH_11_485	M1	lib_cell_pin_connect	{20.0000 830.8900} {851.2880 830.9500}
VSS	PATH_11_483	M1	lib_cell_pin_connect	{20.0000 827.5460} {851.2880 827.6060}
VSS	PATH_11_481	M1	lib_cell_pin_connect	{20.0000 824.2020} {851.2880 824.2620}
VSS	PATH_11_479	M1	lib_cell_pin_connect	{20.0000 820.8580} {851.2880 820.9180}
VSS	PATH_11_477	M1	lib_cell_pin_connect	{20.0000 817.5140} {851.2880 817.5740}
VSS	PATH_11_475	M1	lib_cell_pin_connect	{20.0000 814.1700} {851.2880 814.2300}
VSS	PATH_11_473	M1	lib_cell_pin_connect	{20.0000 810.8260} {851.2880 810.8860}
VSS	PATH_11_471	M1	lib_cell_pin_connect	{20.0000 807.4820} {851.2880 807.5420}
VSS	PATH_11_469	M1	lib_cell_pin_connect	{20.0000 804.1380} {851.2880 804.1980}
VSS	PATH_11_467	M1	lib_cell_pin_connect	{20.0000 800.7940} {851.2880 800.8540}
VSS	PATH_11_465	M1	lib_cell_pin_connect	{20.0000 797.4500} {851.2880 797.5100}
VSS	PATH_11_463	M1	lib_cell_pin_connect	{20.0000 794.1060} {851.2880 794.1660}
VSS	PATH_11_461	M1	lib_cell_pin_connect	{20.0000 790.7620} {851.2880 790.8220}
VSS	PATH_11_459	M1	lib_cell_pin_connect	{20.0000 787.4180} {851.2880 787.4780}
VSS	PATH_11_457	M1	lib_cell_pin_connect	{20.0000 784.0740} {851.2880 784.1340}
VSS	PATH_11_455	M1	lib_cell_pin_connect	{20.0000 780.7300} {851.2880 780.7900}
VSS	PATH_11_453	M1	lib_cell_pin_connect	{20.0000 777.3860} {851.2880 777.4460}
VSS	PATH_11_451	M1	lib_cell_pin_connect	{20.0000 774.0420} {851.2880 774.1020}
VSS	PATH_11_449	M1	lib_cell_pin_connect	{20.0000 770.6980} {851.2880 770.7580}
VSS	PATH_11_447	M1	lib_cell_pin_connect	{20.0000 767.3540} {851.2880 767.4140}
VSS	PATH_11_445	M1	lib_cell_pin_connect	{20.0000 764.0100} {851.2880 764.0700}
VSS	PATH_11_443	M1	lib_cell_pin_connect	{20.0000 760.6660} {851.2880 760.7260}
VSS	PATH_11_441	M1	lib_cell_pin_connect	{20.0000 757.3220} {851.2880 757.3820}
VSS	PATH_11_439	M1	lib_cell_pin_connect	{20.0000 753.9780} {851.2880 754.0380}
VSS	PATH_11_437	M1	lib_cell_pin_connect	{20.0000 750.6340} {851.2880 750.6940}
VSS	PATH_11_435	M1	lib_cell_pin_connect	{20.0000 747.2900} {851.2880 747.3500}
VSS	PATH_11_433	M1	lib_cell_pin_connect	{20.0000 743.9460} {851.2880 744.0060}
VSS	PATH_11_431	M1	lib_cell_pin_connect	{20.0000 740.6020} {851.2880 740.6620}
VSS	PATH_11_429	M1	lib_cell_pin_connect	{20.0000 737.2580} {851.2880 737.3180}
VSS	PATH_11_427	M1	lib_cell_pin_connect	{20.0000 733.9140} {851.2880 733.9740}
VSS	PATH_11_425	M1	lib_cell_pin_connect	{20.0000 730.5700} {851.2880 730.6300}
VSS	PATH_11_423	M1	lib_cell_pin_connect	{20.0000 727.2260} {851.2880 727.2860}
VSS	PATH_11_421	M1	lib_cell_pin_connect	{20.0000 723.8820} {851.2880 723.9420}
VSS	PATH_11_419	M1	lib_cell_pin_connect	{20.0000 720.5380} {851.2880 720.5980}
VSS	PATH_11_417	M1	lib_cell_pin_connect	{20.0000 717.1940} {851.2880 717.2540}
VSS	PATH_11_415	M1	lib_cell_pin_connect	{20.0000 713.8500} {851.2880 713.9100}
VSS	PATH_11_413	M1	lib_cell_pin_connect	{20.0000 710.5060} {851.2880 710.5660}
VSS	PATH_11_411	M1	lib_cell_pin_connect	{20.0000 707.1620} {851.2880 707.2220}
VSS	PATH_11_409	M1	lib_cell_pin_connect	{20.0000 703.8180} {851.2880 703.8780}
VSS	PATH_11_407	M1	lib_cell_pin_connect	{20.0000 700.4740} {851.2880 700.5340}
VSS	PATH_11_405	M1	lib_cell_pin_connect	{20.0000 697.1300} {851.2880 697.1900}
VSS	PATH_11_403	M1	lib_cell_pin_connect	{20.0000 693.7860} {851.2880 693.8460}
VSS	PATH_11_401	M1	lib_cell_pin_connect	{20.0000 690.4420} {851.2880 690.5020}
VSS	PATH_11_399	M1	lib_cell_pin_connect	{20.0000 687.0980} {851.2880 687.1580}
VSS	PATH_11_397	M1	lib_cell_pin_connect	{20.0000 683.7540} {851.2880 683.8140}
VSS	PATH_11_395	M1	lib_cell_pin_connect	{20.0000 680.4100} {851.2880 680.4700}
VSS	PATH_11_393	M1	lib_cell_pin_connect	{20.0000 677.0660} {851.2880 677.1260}
VSS	PATH_11_391	M1	lib_cell_pin_connect	{20.0000 673.7220} {851.2880 673.7820}
VSS	PATH_11_389	M1	lib_cell_pin_connect	{20.0000 670.3780} {851.2880 670.4380}
VSS	PATH_11_387	M1	lib_cell_pin_connect	{20.0000 667.0340} {851.2880 667.0940}
VSS	PATH_11_385	M1	lib_cell_pin_connect	{20.0000 663.6900} {851.2880 663.7500}
VSS	PATH_11_383	M1	lib_cell_pin_connect	{20.0000 660.3460} {851.2880 660.4060}
VSS	PATH_11_381	M1	lib_cell_pin_connect	{20.0000 657.0020} {851.2880 657.0620}
VSS	PATH_11_379	M1	lib_cell_pin_connect	{20.0000 653.6580} {851.2880 653.7180}
VSS	PATH_11_377	M1	lib_cell_pin_connect	{20.0000 650.3140} {851.2880 650.3740}
VSS	PATH_11_375	M1	lib_cell_pin_connect	{20.0000 646.9700} {851.2880 647.0300}
VSS	PATH_11_373	M1	lib_cell_pin_connect	{20.0000 643.6260} {851.2880 643.6860}
VSS	PATH_11_371	M1	lib_cell_pin_connect	{20.0000 640.2820} {851.2880 640.3420}
VSS	PATH_11_369	M1	lib_cell_pin_connect	{20.0000 636.9380} {851.2880 636.9980}
VSS	PATH_11_367	M1	lib_cell_pin_connect	{20.0000 633.5940} {851.2880 633.6540}
VSS	PATH_11_365	M1	lib_cell_pin_connect	{20.0000 630.2500} {851.2880 630.3100}
VSS	PATH_11_363	M1	lib_cell_pin_connect	{20.0000 626.9060} {851.2880 626.9660}
VSS	PATH_11_361	M1	lib_cell_pin_connect	{20.0000 623.5620} {851.2880 623.6220}
VSS	PATH_11_359	M1	lib_cell_pin_connect	{20.0000 620.2180} {851.2880 620.2780}
VSS	PATH_11_357	M1	lib_cell_pin_connect	{20.0000 616.8740} {851.2880 616.9340}
VSS	PATH_11_355	M1	lib_cell_pin_connect	{20.0000 613.5300} {851.2880 613.5900}
VSS	PATH_11_353	M1	lib_cell_pin_connect	{20.0000 610.1860} {851.2880 610.2460}
VSS	PATH_11_351	M1	lib_cell_pin_connect	{20.0000 606.8420} {851.2880 606.9020}
VSS	PATH_11_349	M1	lib_cell_pin_connect	{20.0000 603.4980} {851.2880 603.5580}
VSS	PATH_11_347	M1	lib_cell_pin_connect	{20.0000 600.1540} {851.2880 600.2140}
VSS	PATH_11_345	M1	lib_cell_pin_connect	{20.0000 596.8100} {851.2880 596.8700}
VSS	PATH_11_343	M1	lib_cell_pin_connect	{20.0000 593.4660} {851.2880 593.5260}
VSS	PATH_11_341	M1	lib_cell_pin_connect	{20.0000 590.1220} {851.2880 590.1820}
VSS	PATH_11_339	M1	lib_cell_pin_connect	{20.0000 586.7780} {851.2880 586.8380}
VSS	PATH_11_337	M1	lib_cell_pin_connect	{20.0000 583.4340} {851.2880 583.4940}
VSS	PATH_11_335	M1	lib_cell_pin_connect	{20.0000 580.0900} {851.2880 580.1500}
VSS	PATH_11_333	M1	lib_cell_pin_connect	{20.0000 576.7460} {851.2880 576.8060}
VSS	PATH_11_331	M1	lib_cell_pin_connect	{20.0000 573.4020} {851.2880 573.4620}
VSS	PATH_11_329	M1	lib_cell_pin_connect	{20.0000 570.0580} {851.2880 570.1180}
VSS	PATH_11_327	M1	lib_cell_pin_connect	{20.0000 566.7140} {851.2880 566.7740}
VSS	PATH_11_325	M1	lib_cell_pin_connect	{20.0000 563.3700} {851.2880 563.4300}
VSS	PATH_11_323	M1	lib_cell_pin_connect	{20.0000 560.0260} {851.2880 560.0860}
VSS	PATH_11_321	M1	lib_cell_pin_connect	{20.0000 556.6820} {851.2880 556.7420}
VSS	PATH_11_319	M1	lib_cell_pin_connect	{20.0000 553.3380} {851.2880 553.3980}
VSS	PATH_11_317	M1	lib_cell_pin_connect	{20.0000 549.9940} {851.2880 550.0540}
VSS	PATH_11_315	M1	lib_cell_pin_connect	{20.0000 546.6500} {851.2880 546.7100}
VSS	PATH_11_313	M1	lib_cell_pin_connect	{20.0000 543.3060} {851.2880 543.3660}
VSS	PATH_11_311	M1	lib_cell_pin_connect	{20.0000 539.9620} {851.2880 540.0220}
VSS	PATH_11_309	M1	lib_cell_pin_connect	{20.0000 536.6180} {851.2880 536.6780}
VSS	PATH_11_307	M1	lib_cell_pin_connect	{20.0000 533.2740} {851.2880 533.3340}
VSS	PATH_11_305	M1	lib_cell_pin_connect	{20.0000 529.9300} {851.2880 529.9900}
VSS	PATH_11_303	M1	lib_cell_pin_connect	{20.0000 526.5860} {851.2880 526.6460}
VSS	PATH_11_301	M1	lib_cell_pin_connect	{20.0000 523.2420} {851.2880 523.3020}
VSS	PATH_11_299	M1	lib_cell_pin_connect	{20.0000 519.8980} {851.2880 519.9580}
VSS	PATH_11_297	M1	lib_cell_pin_connect	{20.0000 516.5540} {851.2880 516.6140}
VSS	PATH_11_295	M1	lib_cell_pin_connect	{20.0000 513.2100} {851.2880 513.2700}
VSS	PATH_11_293	M1	lib_cell_pin_connect	{20.0000 509.8660} {851.2880 509.9260}
VSS	PATH_11_291	M1	lib_cell_pin_connect	{20.0000 506.5220} {851.2880 506.5820}
VSS	PATH_11_289	M1	lib_cell_pin_connect	{20.0000 503.1780} {851.2880 503.2380}
VSS	PATH_11_287	M1	lib_cell_pin_connect	{20.0000 499.8340} {851.2880 499.8940}
VSS	PATH_11_285	M1	lib_cell_pin_connect	{20.0000 496.4900} {851.2880 496.5500}
VSS	PATH_11_283	M1	lib_cell_pin_connect	{20.0000 493.1460} {851.2880 493.2060}
VSS	PATH_11_281	M1	lib_cell_pin_connect	{20.0000 489.8020} {851.2880 489.8620}
VSS	PATH_11_279	M1	lib_cell_pin_connect	{20.0000 486.4580} {851.2880 486.5180}
VSS	PATH_11_277	M1	lib_cell_pin_connect	{20.0000 483.1140} {851.2880 483.1740}
VSS	PATH_11_275	M1	lib_cell_pin_connect	{20.0000 479.7700} {851.2880 479.8300}
VSS	PATH_11_273	M1	lib_cell_pin_connect	{20.0000 476.4260} {851.2880 476.4860}
VSS	PATH_11_271	M1	lib_cell_pin_connect	{20.0000 473.0820} {851.2880 473.1420}
VSS	PATH_11_269	M1	lib_cell_pin_connect	{20.0000 469.7380} {851.2880 469.7980}
VSS	PATH_11_267	M1	lib_cell_pin_connect	{20.0000 466.3940} {851.2880 466.4540}
VSS	PATH_11_265	M1	lib_cell_pin_connect	{20.0000 463.0500} {851.2880 463.1100}
VSS	PATH_11_263	M1	lib_cell_pin_connect	{20.0000 459.7060} {851.2880 459.7660}
VSS	PATH_11_261	M1	lib_cell_pin_connect	{20.0000 456.3620} {851.2880 456.4220}
VSS	PATH_11_259	M1	lib_cell_pin_connect	{20.0000 453.0180} {851.2880 453.0780}
VSS	PATH_11_257	M1	lib_cell_pin_connect	{20.0000 449.6740} {851.2880 449.7340}
VSS	PATH_11_255	M1	lib_cell_pin_connect	{20.0000 446.3300} {851.2880 446.3900}
VSS	PATH_11_253	M1	lib_cell_pin_connect	{20.0000 442.9860} {851.2880 443.0460}
VSS	PATH_11_251	M1	lib_cell_pin_connect	{20.0000 439.6420} {851.2880 439.7020}
VSS	PATH_11_249	M1	lib_cell_pin_connect	{20.0000 436.2980} {851.2880 436.3580}
VSS	PATH_11_247	M1	lib_cell_pin_connect	{20.0000 432.9540} {851.2880 433.0140}
VSS	PATH_11_245	M1	lib_cell_pin_connect	{20.0000 429.6100} {851.2880 429.6700}
VSS	PATH_11_243	M1	lib_cell_pin_connect	{20.0000 426.2660} {851.2880 426.3260}
VSS	PATH_11_241	M1	lib_cell_pin_connect	{20.0000 422.9220} {851.2880 422.9820}
VSS	PATH_11_239	M1	lib_cell_pin_connect	{20.0000 419.5780} {851.2880 419.6380}
VSS	PATH_11_237	M1	lib_cell_pin_connect	{20.0000 416.2340} {851.2880 416.2940}
VSS	PATH_11_235	M1	lib_cell_pin_connect	{20.0000 412.8900} {851.2880 412.9500}
VSS	PATH_11_233	M1	lib_cell_pin_connect	{20.0000 409.5460} {851.2880 409.6060}
VSS	PATH_11_231	M1	lib_cell_pin_connect	{20.0000 406.2020} {851.2880 406.2620}
VSS	PATH_11_229	M1	lib_cell_pin_connect	{20.0000 402.8580} {851.2880 402.9180}
VSS	PATH_11_227	M1	lib_cell_pin_connect	{20.0000 399.5140} {851.2880 399.5740}
VSS	PATH_11_225	M1	lib_cell_pin_connect	{20.0000 396.1700} {851.2880 396.2300}
VSS	PATH_11_223	M1	lib_cell_pin_connect	{20.0000 392.8260} {851.2880 392.8860}
VSS	PATH_11_221	M1	lib_cell_pin_connect	{20.0000 389.4820} {851.2880 389.5420}
VSS	PATH_11_219	M1	lib_cell_pin_connect	{20.0000 386.1380} {851.2880 386.1980}
VSS	PATH_11_217	M1	lib_cell_pin_connect	{20.0000 382.7940} {851.2880 382.8540}
VSS	PATH_11_215	M1	lib_cell_pin_connect	{20.0000 379.4500} {851.2880 379.5100}
VSS	PATH_11_213	M1	lib_cell_pin_connect	{20.0000 376.1060} {851.2880 376.1660}
VSS	PATH_11_211	M1	lib_cell_pin_connect	{20.0000 372.7620} {851.2880 372.8220}
VSS	PATH_11_209	M1	lib_cell_pin_connect	{20.0000 369.4180} {851.2880 369.4780}
VSS	PATH_11_207	M1	lib_cell_pin_connect	{20.0000 366.0740} {851.2880 366.1340}
VSS	PATH_11_205	M1	lib_cell_pin_connect	{20.0000 362.7300} {851.2880 362.7900}
VSS	PATH_11_203	M1	lib_cell_pin_connect	{20.0000 359.3860} {851.2880 359.4460}
VSS	PATH_11_201	M1	lib_cell_pin_connect	{20.0000 356.0420} {851.2880 356.1020}
VSS	PATH_11_199	M1	lib_cell_pin_connect	{20.0000 352.6980} {851.2880 352.7580}
VSS	PATH_11_197	M1	lib_cell_pin_connect	{20.0000 349.3540} {851.2880 349.4140}
VSS	PATH_11_195	M1	lib_cell_pin_connect	{20.0000 346.0100} {851.2880 346.0700}
VSS	PATH_11_193	M1	lib_cell_pin_connect	{20.0000 342.6660} {851.2880 342.7260}
VSS	PATH_11_191	M1	lib_cell_pin_connect	{20.0000 339.3220} {851.2880 339.3820}
VSS	PATH_11_189	M1	lib_cell_pin_connect	{20.0000 335.9780} {851.2880 336.0380}
VSS	PATH_11_187	M1	lib_cell_pin_connect	{20.0000 332.6340} {851.2880 332.6940}
VSS	PATH_11_185	M1	lib_cell_pin_connect	{20.0000 329.2900} {851.2880 329.3500}
VSS	PATH_11_183	M1	lib_cell_pin_connect	{20.0000 325.9460} {851.2880 326.0060}
VSS	PATH_11_181	M1	lib_cell_pin_connect	{20.0000 322.6020} {851.2880 322.6620}
VSS	PATH_11_179	M1	lib_cell_pin_connect	{20.0000 319.2580} {851.2880 319.3180}
VSS	PATH_11_177	M1	lib_cell_pin_connect	{20.0000 315.9140} {851.2880 315.9740}
VSS	PATH_11_175	M1	lib_cell_pin_connect	{20.0000 312.5700} {851.2880 312.6300}
VSS	PATH_11_173	M1	lib_cell_pin_connect	{20.0000 309.2260} {851.2880 309.2860}
VSS	PATH_11_171	M1	lib_cell_pin_connect	{20.0000 305.8820} {851.2880 305.9420}
VSS	PATH_11_169	M1	lib_cell_pin_connect	{20.0000 302.5380} {851.2880 302.5980}
VSS	PATH_11_167	M1	lib_cell_pin_connect	{20.0000 299.1940} {851.2880 299.2540}
VSS	PATH_11_165	M1	lib_cell_pin_connect	{20.0000 295.8500} {851.2880 295.9100}
VSS	PATH_11_163	M1	lib_cell_pin_connect	{20.0000 292.5060} {851.2880 292.5660}
VSS	PATH_11_161	M1	lib_cell_pin_connect	{20.0000 289.1620} {851.2880 289.2220}
VSS	PATH_11_159	M1	lib_cell_pin_connect	{20.0000 285.8180} {851.2880 285.8780}
VSS	PATH_11_157	M1	lib_cell_pin_connect	{20.0000 282.4740} {851.2880 282.5340}
VSS	PATH_11_155	M1	lib_cell_pin_connect	{20.0000 279.1300} {851.2880 279.1900}
VSS	PATH_11_153	M1	lib_cell_pin_connect	{20.0000 275.7860} {851.2880 275.8460}
VSS	PATH_11_151	M1	lib_cell_pin_connect	{20.0000 272.4420} {851.2880 272.5020}
VSS	PATH_11_149	M1	lib_cell_pin_connect	{20.0000 269.0980} {851.2880 269.1580}
VSS	PATH_11_147	M1	lib_cell_pin_connect	{20.0000 265.7540} {851.2880 265.8140}
VSS	PATH_11_145	M1	lib_cell_pin_connect	{20.0000 262.4100} {851.2880 262.4700}
VSS	PATH_11_143	M1	lib_cell_pin_connect	{20.0000 259.0660} {851.2880 259.1260}
VSS	PATH_11_141	M1	lib_cell_pin_connect	{20.0000 255.7220} {851.2880 255.7820}
VSS	PATH_11_139	M1	lib_cell_pin_connect	{20.0000 252.3780} {851.2880 252.4380}
VSS	PATH_11_137	M1	lib_cell_pin_connect	{20.0000 249.0340} {851.2880 249.0940}
VSS	PATH_11_135	M1	lib_cell_pin_connect	{20.0000 245.6900} {851.2880 245.7500}
VSS	PATH_11_133	M1	lib_cell_pin_connect	{20.0000 242.3460} {851.2880 242.4060}
VSS	PATH_11_131	M1	lib_cell_pin_connect	{20.0000 239.0020} {851.2880 239.0620}
VSS	PATH_11_129	M1	lib_cell_pin_connect	{20.0000 235.6580} {851.2880 235.7180}
VSS	PATH_11_127	M1	lib_cell_pin_connect	{20.0000 232.3140} {851.2880 232.3740}
VSS	PATH_11_125	M1	lib_cell_pin_connect	{20.0000 228.9700} {851.2880 229.0300}
VSS	PATH_11_123	M1	lib_cell_pin_connect	{20.0000 225.6260} {851.2880 225.6860}
VSS	PATH_11_121	M1	lib_cell_pin_connect	{20.0000 222.2820} {851.2880 222.3420}
VSS	PATH_11_119	M1	lib_cell_pin_connect	{20.0000 218.9380} {851.2880 218.9980}
VSS	PATH_11_117	M1	lib_cell_pin_connect	{20.0000 215.5940} {851.2880 215.6540}
VSS	PATH_11_115	M1	lib_cell_pin_connect	{20.0000 212.2500} {851.2880 212.3100}
VSS	PATH_11_113	M1	lib_cell_pin_connect	{20.0000 208.9060} {851.2880 208.9660}
VSS	PATH_11_111	M1	lib_cell_pin_connect	{20.0000 205.5620} {851.2880 205.6220}
VSS	PATH_11_109	M1	lib_cell_pin_connect	{20.0000 202.2180} {851.2880 202.2780}
VSS	PATH_11_107	M1	lib_cell_pin_connect	{20.0000 198.8740} {851.2880 198.9340}
VSS	PATH_11_105	M1	lib_cell_pin_connect	{20.0000 195.5300} {851.2880 195.5900}
VSS	PATH_11_103	M1	lib_cell_pin_connect	{20.0000 192.1860} {851.2880 192.2460}
VSS	PATH_11_101	M1	lib_cell_pin_connect	{20.0000 188.8420} {851.2880 188.9020}
VSS	PATH_11_99	M1	lib_cell_pin_connect	{20.0000 185.4980} {851.2880 185.5580}
VSS	PATH_11_97	M1	lib_cell_pin_connect	{20.0000 182.1540} {851.2880 182.2140}
VSS	PATH_11_95	M1	lib_cell_pin_connect	{20.0000 178.8100} {851.2880 178.8700}
VSS	PATH_11_93	M1	lib_cell_pin_connect	{20.0000 175.4660} {851.2880 175.5260}
VSS	PATH_11_91	M1	lib_cell_pin_connect	{20.0000 172.1220} {851.2880 172.1820}
VSS	PATH_11_89	M1	lib_cell_pin_connect	{20.0000 168.7780} {851.2880 168.8380}
VSS	PATH_11_87	M1	lib_cell_pin_connect	{20.0000 165.4340} {851.2880 165.4940}
VSS	PATH_11_85	M1	lib_cell_pin_connect	{20.0000 162.0900} {851.2880 162.1500}
VSS	PATH_11_83	M1	lib_cell_pin_connect	{20.0000 158.7460} {851.2880 158.8060}
VSS	PATH_11_81	M1	lib_cell_pin_connect	{20.0000 155.4020} {851.2880 155.4620}
VSS	PATH_11_79	M1	lib_cell_pin_connect	{20.0000 152.0580} {851.2880 152.1180}
VSS	PATH_11_77	M1	lib_cell_pin_connect	{20.0000 148.7140} {851.2880 148.7740}
VSS	PATH_11_75	M1	lib_cell_pin_connect	{20.0000 145.3700} {851.2880 145.4300}
VSS	PATH_11_73	M1	lib_cell_pin_connect	{20.0000 142.0260} {851.2880 142.0860}
VSS	PATH_11_71	M1	lib_cell_pin_connect	{20.0000 138.6820} {851.2880 138.7420}
VSS	PATH_11_69	M1	lib_cell_pin_connect	{20.0000 135.3380} {851.2880 135.3980}
VSS	PATH_11_67	M1	lib_cell_pin_connect	{20.0000 131.9940} {851.2880 132.0540}
VSS	PATH_11_65	M1	lib_cell_pin_connect	{20.0000 128.6500} {851.2880 128.7100}
VSS	PATH_11_63	M1	lib_cell_pin_connect	{20.0000 125.3060} {851.2880 125.3660}
VSS	PATH_11_61	M1	lib_cell_pin_connect	{20.0000 121.9620} {851.2880 122.0220}
VSS	PATH_11_59	M1	lib_cell_pin_connect	{20.0000 118.6180} {851.2880 118.6780}
VSS	PATH_11_57	M1	lib_cell_pin_connect	{20.0000 115.2740} {851.2880 115.3340}
VSS	PATH_11_55	M1	lib_cell_pin_connect	{20.0000 111.9300} {851.2880 111.9900}
VSS	PATH_11_53	M1	lib_cell_pin_connect	{20.0000 108.5860} {851.2880 108.6460}
VSS	PATH_11_51	M1	lib_cell_pin_connect	{20.0000 105.2420} {851.2880 105.3020}
VSS	PATH_11_49	M1	lib_cell_pin_connect	{20.0000 101.8980} {851.2880 101.9580}
VSS	PATH_11_47	M1	lib_cell_pin_connect	{20.0000 98.5540} {851.2880 98.6140}
VSS	PATH_11_45	M1	lib_cell_pin_connect	{20.0000 95.2100} {851.2880 95.2700}
VSS	PATH_11_43	M1	lib_cell_pin_connect	{20.0000 91.8660} {851.2880 91.9260}
VSS	PATH_11_41	M1	lib_cell_pin_connect	{20.0000 88.5220} {851.2880 88.5820}
VSS	PATH_11_39	M1	lib_cell_pin_connect	{20.0000 85.1780} {851.2880 85.2380}
VSS	PATH_11_37	M1	lib_cell_pin_connect	{20.0000 81.8340} {851.2880 81.8940}
VSS	PATH_11_35	M1	lib_cell_pin_connect	{20.0000 78.4900} {851.2880 78.5500}
VSS	PATH_11_33	M1	lib_cell_pin_connect	{20.0000 75.1460} {851.2880 75.2060}
VSS	PATH_11_31	M1	lib_cell_pin_connect	{20.0000 71.8020} {851.2880 71.8620}
VSS	PATH_11_29	M1	lib_cell_pin_connect	{20.0000 68.4580} {851.2880 68.5180}
VSS	PATH_11_27	M1	lib_cell_pin_connect	{20.0000 65.1140} {851.2880 65.1740}
VSS	PATH_11_25	M1	lib_cell_pin_connect	{20.0000 61.7700} {851.2880 61.8300}
VSS	PATH_11_23	M1	lib_cell_pin_connect	{20.0000 58.4260} {851.2880 58.4860}
VSS	PATH_11_21	M1	lib_cell_pin_connect	{20.0000 55.0820} {851.2880 55.1420}
VSS	PATH_11_19	M1	lib_cell_pin_connect	{20.0000 51.7380} {851.2880 51.7980}
VSS	PATH_11_17	M1	lib_cell_pin_connect	{20.0000 48.3940} {851.2880 48.4540}
VSS	PATH_11_15	M1	lib_cell_pin_connect	{20.0000 45.0500} {851.2880 45.1100}
VSS	PATH_11_13	M1	lib_cell_pin_connect	{20.0000 41.7060} {851.2880 41.7660}
VSS	PATH_11_11	M1	lib_cell_pin_connect	{20.0000 38.3620} {851.2880 38.4220}
VSS	PATH_11_9	M1	lib_cell_pin_connect	{20.0000 35.0180} {851.2880 35.0780}
VSS	PATH_11_7	M1	lib_cell_pin_connect	{20.0000 31.6740} {851.2880 31.7340}
VSS	PATH_11_5	M1	lib_cell_pin_connect	{20.0000 28.3300} {851.2880 28.3900}
VSS	PATH_11_3	M1	lib_cell_pin_connect	{20.0000 24.9860} {851.2880 25.0460}
VSS	PATH_11_1	M1	lib_cell_pin_connect	{20.0000 21.6420} {851.2880 21.7020}
